{
    "03": [
        {
            "title": "Soirée St Patrick à Plouguerneau",
            "city": "Port du Korejou, 29880 Plouguerneau, France",
            "zipcode": "29880",
            "start_date": "15/03/2025",
            "end_date": "15/03/2025",
            "url": "https://www.festival-bretagne.fr/festival/soiree-st-patrick-a-plouguerneau/",
            "website_url": "https://www.facebook.com/profile.php?id=100065026653025",
            "mois": "03",
            "duration": 1
        },
        {
            "title": "Concert/Bal tango argentin",
            "city": "Bar Restaurant La Chope, Rue de la République, Trégueux, France",
            "zipcode": "",
            "start_date": "15/03/2025",
            "end_date": "15/03/2025",
            "url": "https://www.festival-bretagne.fr/festival/concert-bal-tango-argentin/",
            "website_url": "https://tango-de-la-bahia.fr/index.php/2025/02/05/milonga-concert-power-tango-trio/",
            "mois": "03",
            "duration": 1
        },
        {
            "title": "Quartiers en scène",
            "city": "RENNES",
            "zipcode": "35000",
            "start_date": "15/03/2025",
            "end_date": "23/03/2025",
            "url": "http://www.tyzicos.com/lieu-concerts/quartiers-en-scene",
            "website_url": "http://www.cerclepaulbert.asso.fr/qes/?page=1",
            "mois": "03",
            "duration": 9
        },
        {
            "title": "Opéra ds tous ses états",
            "city": "SAINT-QUAY-PORTRIEUX",
            "zipcode": "22410",
            "start_date": "17/03/2025",
            "end_date": "23/03/2025",
            "url": "http://www.tyzicos.com/lieu-concerts/opera-ds-tous-ses-etats",
            "website_url": "http://www.musique-maternelle.com/Festival.html",
            "mois": "03",
            "duration": 7
        },
        {
            "title": "FETE DU COURT METRAGE",
            "city": "PLACE DE LAUNCESTON PLESTIN-LES-GREVES",
            "zipcode": "",
            "start_date": "19/03/2025",
            "end_date": "21/03/2025",
            "url": "https://www.festival-bretagne.fr/festival/fete-du-court-metrage/",
            "website_url": "https://www.festival-armoricourt.com",
            "mois": "03",
            "duration": 3
        },
        {
            "title": "Mythos",
            "city": "RENNES",
            "zipcode": "35000",
            "start_date": "20/03/2025",
            "end_date": "06/04/2025",
            "url": "http://www.tyzicos.com/lieu-concerts/mythos",
            "website_url": "http://www.festival-mythos.com",
            "mois": "03",
            "duration": 18
        },
        {
            "title": "Jazz à l'Etage",
            "city": "RENNES",
            "zipcode": "35000",
            "start_date": "20/03/2025",
            "end_date": "23/03/2025",
            "url": "http://www.tyzicos.com/lieu-concerts/jazz-l-etage",
            "website_url": "https://www.facebook.com/jazz.aletage",
            "mois": "03",
            "duration": 4
        },
        {
            "title": "Dooinit ",
            "city": "RENNES",
            "zipcode": "35000",
            "start_date": "20/03/2025",
            "end_date": "27/03/2025",
            "url": "http://www.tyzicos.com/lieu-concerts/dooinit",
            "website_url": "http://www.dooinit-festival.com",
            "mois": "03",
            "duration": 8
        },
        {
            "title": "Bouge ton Cube",
            "city": "Centre culturel Le cube, Rue du Pré Fleuri, Lauzach, France",
            "zipcode": "",
            "start_date": "21/03/2025",
            "end_date": "22/03/2025",
            "url": "https://www.festival-bretagne.fr/festival/bouge-ton-cube/",
            "website_url": "http://www.myspace.com/lafabrique",
            "mois": "03",
            "duration": 2
        },
        {
            "title": "Guitar & Rance",
            "city": "LE MINIHIC-SUR-RANCE",
            "zipcode": "35870",
            "start_date": "21/03/2025",
            "end_date": "22/03/2025",
            "url": "http://www.tyzicos.com/lieu-concerts/guitar-rance",
            "website_url": "",
            "mois": "03",
            "duration": 2
        },
        {
            "title": "Soirée Saint Patrick à Planguenoual",
            "city": "703 Rue du Verger, 22400 Lamballe-Armor, France",
            "zipcode": "22400",
            "start_date": "22/03/2025",
            "end_date": "22/03/2025",
            "url": "https://www.festival-bretagne.fr/festival/planguenoual-fete-la-saint-patrick/",
            "website_url": "https://urls.fr/Ni8we-",
            "mois": "03",
            "duration": 1
        },
        {
            "title": "Festi'Halles",
            "city": "LE FAOUËT",
            "zipcode": "56320",
            "start_date": "22/03/2025",
            "end_date": "22/03/2025",
            "url": "http://www.tyzicos.com/lieu-concerts/festi-halles",
            "website_url": "",
            "mois": "03",
            "duration": 1
        },
        {
            "title": "Mythos",
            "city": "Parking Le Liberté, Rennes, France",
            "zipcode": "",
            "start_date": "28/03/2025",
            "end_date": "06/04/2025",
            "url": "https://www.festival-bretagne.fr/festival/mythos/",
            "website_url": "https://www.festival-mythos.com/",
            "mois": "03",
            "duration": 10
        }
    ],
    "04": [
        {
            "title": "Panoramas",
            "city": "Morlaix, France",
            "zipcode": "",
            "start_date": "03/04/2025",
            "end_date": "06/04/2025",
            "url": "https://www.festival-bretagne.fr/festival/panoramas/",
            "website_url": "https://www.festivalpanoramas.com",
            "mois": "04",
            "duration": 4
        },
        {
            "title": "La Corde Raide",
            "city": "Carré d'argent, Allée du Brivet, Pontchâteau, France",
            "zipcode": "",
            "start_date": "03/04/2025",
            "end_date": "05/04/2025",
            "url": "https://www.festival-bretagne.fr/festival/la-corde-raide/",
            "website_url": "https://www.festival-lacorderaide.fr/",
            "mois": "04",
            "duration": 3
        },
        {
            "title": "Panoramas",
            "city": "MORLAIX",
            "zipcode": "29600",
            "start_date": "03/04/2025",
            "end_date": "06/04/2025",
            "url": "http://www.tyzicos.com/lieu-concerts/panoramas",
            "website_url": "http://www.festivalpanoramas.com",
            "mois": "04",
            "duration": 4
        },
        {
            "title": "Blues En Rade",
            "city": "56290 Port-Louis, France",
            "zipcode": "56290",
            "start_date": "04/04/2025",
            "end_date": "06/04/2025",
            "url": "https://www.festival-bretagne.fr/festival/blues-en-rade/",
            "website_url": "https://sites.google.com/view/bluesenrade",
            "mois": "04",
            "duration": 3
        },
        {
            "title": "Blues en Rade",
            "city": "LOCMIQUÉLIC",
            "zipcode": "56570",
            "start_date": "04/04/2025",
            "end_date": "06/04/2025",
            "url": "http://www.tyzicos.com/lieu-concerts/blues-en-rade",
            "website_url": "https://www.facebook.com/bluesenrade?locale=fr_FR",
            "mois": "04",
            "duration": 3
        },
        {
            "title": "Reggae Breizh Party",
            "city": "Pontivy, France",
            "zipcode": "",
            "start_date": "12/04/2025",
            "end_date": "13/04/2025",
            "url": "https://www.festival-bretagne.fr/festival/reggae-breizh-party/",
            "website_url": "https://www.facebook.com/events/405959952578796/",
            "mois": "04",
            "duration": 2
        },
        {
            "title": "Reggae Breizh Party",
            "city": "PONTIVY",
            "zipcode": "56300",
            "start_date": "12/04/2025",
            "end_date": "12/04/2025",
            "url": "http://www.tyzicos.com/lieu-concerts/reggae-breizh-party",
            "website_url": "https://m.facebook.com/people/Reggae-Breizh-Party/100069384422079/",
            "mois": "04",
            "duration": 1
        },
        {
            "title": "Dystopia",
            "city": "RENNES",
            "zipcode": "35000",
            "start_date": "18/04/2025",
            "end_date": "19/04/2025",
            "url": "http://www.tyzicos.com/lieu-concerts/dystopia",
            "website_url": "https://www.facebook.com/festivaldystopia",
            "mois": "04",
            "duration": 2
        },
        {
            "title": "L'Embellie",
            "city": "RENNES",
            "zipcode": "35000",
            "start_date": "25/04/2025",
            "end_date": "25/04/2025",
            "url": "http://www.tyzicos.com/lieu-concerts/l-embellie",
            "website_url": "",
            "mois": "04",
            "duration": 1
        },
        {
            "title": "Raptown #6",
            "city": "BREST",
            "zipcode": "56100",
            "start_date": "26/04/2025",
            "end_date": "26/04/2025",
            "url": "http://www.tyzicos.com/lieu-concerts/raptown-6",
            "website_url": "https://www.facebook.com/profile.php?id=100094865653728",
            "mois": "04",
            "duration": 1
        }
    ],
    "05": [
        {
            "title": "Re-Animator Festival",
            "city": "Kerboulard, Saint-Nolff, France",
            "zipcode": "",
            "start_date": "08/05/2025",
            "end_date": "10/05/2025",
            "url": "https://www.festival-bretagne.fr/festival/re-animator-festival/",
            "website_url": "https://www.motocultor-festival.com/re-animator-festival/",
            "mois": "05",
            "duration": 3
        },
        {
            "title": "Re-Animator",
            "city": "SAINT-NOLFF",
            "zipcode": "56250",
            "start_date": "08/05/2025",
            "end_date": "10/05/2025",
            "url": "http://www.tyzicos.com/lieu-concerts/re-animator",
            "website_url": "https://www.facebook.com/ReAnimatorFestival/?locale=fr_FR",
            "mois": "05",
            "duration": 3
        },
        {
            "title": "Kleg Festival",
            "city": "Salle des Fêtes, Rue de la Libération, Cléguérec, France",
            "zipcode": "",
            "start_date": "09/05/2025",
            "end_date": "11/05/2025",
            "url": "https://www.festival-bretagne.fr/festival/kleg-festival/",
            "website_url": "https://festivaldekleg.fr/",
            "mois": "05",
            "duration": 3
        },
        {
            "title": "Kleg",
            "city": "CLÉGUÉREC",
            "zipcode": "56480",
            "start_date": "09/05/2025",
            "end_date": "11/05/2025",
            "url": "http://www.tyzicos.com/lieu-concerts/kleg",
            "website_url": "https://www.facebook.com/festival.kleg",
            "mois": "05",
            "duration": 3
        },
        {
            "title": "Andel’ir",
            "city": "Andel, France",
            "zipcode": "",
            "start_date": "16/05/2025",
            "end_date": "17/05/2025",
            "url": "https://www.festival-bretagne.fr/festival/andelir/",
            "website_url": "https://festivalandelir.com/",
            "mois": "05",
            "duration": 2
        },
        {
            "title": "Andel'ir",
            "city": "ANDEL",
            "zipcode": "22400",
            "start_date": "16/05/2025",
            "end_date": "17/05/2025",
            "url": "http://www.tyzicos.com/lieu-concerts/andel-ir",
            "website_url": "https://www.facebook.com/profile.php?id=100063542170338",
            "mois": "05",
            "duration": 2
        },
        {
            "title": "Courts Of Chaos",
            "city": "Plozévet, France",
            "zipcode": "",
            "start_date": "23/05/2025",
            "end_date": "24/05/2025",
            "url": "https://www.festival-bretagne.fr/festival/courts-of-chaos/",
            "website_url": "https://www.courtsofchaos.fr/",
            "mois": "05",
            "duration": 2
        },
        {
            "title": "Courts of Chaos",
            "city": "PLOZÉVET",
            "zipcode": "29710",
            "start_date": "23/05/2025",
            "end_date": "25/05/2025",
            "url": "http://www.tyzicos.com/lieu-concerts/courts-chaos",
            "website_url": "https://www.facebook.com/courtsofchaosfestival",
            "mois": "05",
            "duration": 3
        },
        {
            "title": "Semaine du Golfe du Morbihan",
            "city": "15 Rte de Moréac, 56610 Arradon, France",
            "zipcode": "56610",
            "start_date": "26/05/2025",
            "end_date": "01/06/2025",
            "url": "https://www.festival-bretagne.fr/festival/semaine-du-golfe-du-morbihan/",
            "website_url": "https://www.semainedugolfe.com/",
            "mois": "05",
            "duration": 7
        },
        {
            "title": "Soul Moon Festival",
            "city": "Kernével, Rosporden, France",
            "zipcode": "",
            "start_date": "29/05/2025",
            "end_date": "31/05/2025",
            "url": "https://www.festival-bretagne.fr/festival/soul-moon-festival/",
            "website_url": "https://musicsoul.fr/",
            "mois": "05",
            "duration": 3
        },
        {
            "title": "Soul Moon",
            "city": "ROSPORDEN",
            "zipcode": "29140",
            "start_date": "29/05/2025",
            "end_date": "31/05/2025",
            "url": "http://www.tyzicos.com/lieu-concerts/soul-moon",
            "website_url": "https://www.facebook.com/festivalsoulmoon",
            "mois": "05",
            "duration": 3
        },
        {
            "title": "Evol Festival",
            "city": "Kerboulard, 56250 Saint-Nolff, France",
            "zipcode": "56250",
            "start_date": "30/05/2025",
            "end_date": "01/06/2025",
            "url": "https://www.festival-bretagne.fr/festival/evol-festival/",
            "website_url": "https://www.evolfestival.fr/",
            "mois": "05",
            "duration": 3
        },
        {
            "title": "Festi'Coat",
            "city": "LE FAOUËT",
            "zipcode": "56320",
            "start_date": "30/05/2025",
            "end_date": "31/05/2025",
            "url": "http://www.tyzicos.com/lieu-concerts/festi-coat",
            "website_url": "https://www.facebook.com/profile.php?id=100077574616278",
            "mois": "05",
            "duration": 2
        },
        {
            "title": "Evol Festival",
            "city": "SAINT-NOLFF",
            "zipcode": "56250",
            "start_date": "30/05/2025",
            "end_date": "31/05/2025",
            "url": "http://www.tyzicos.com/lieu-concerts/evol-festival",
            "website_url": "https://www.evolfestival.fr/",
            "mois": "05",
            "duration": 2
        }
    ],
    "06": [
        {
            "title": "Art Rock",
            "city": "12 Rue de Brest, 22000 Saint-Brieuc, France",
            "zipcode": "22000",
            "start_date": "06/06/2025",
            "end_date": "08/06/2025",
            "url": "https://www.festival-bretagne.fr/festival/art-rock/",
            "website_url": "https://www.artrock.org/",
            "mois": "06",
            "duration": 3
        },
        {
            "title": "Les Nuits Vilaines",
            "city": "Péaule, France",
            "zipcode": "",
            "start_date": "06/06/2025",
            "end_date": "08/06/2025",
            "url": "https://www.festival-bretagne.fr/festival/les-nuits-vilaines/",
            "website_url": "https://www.les-nuits-vilaines.com/",
            "mois": "06",
            "duration": 3
        },
        {
            "title": "Art Rock",
            "city": "SAINT-BRIEUC",
            "zipcode": "22000",
            "start_date": "06/06/2025",
            "end_date": "08/06/2025",
            "url": "http://www.tyzicos.com/lieu-concerts/art-rock",
            "website_url": "http://www.artrock.org",
            "mois": "06",
            "duration": 3
        },
        {
            "title": " Petites Folies",
            "city": "LAMPAUL-PLOUARZEL",
            "zipcode": "29810",
            "start_date": "06/06/2025",
            "end_date": "08/06/2025",
            "url": "http://www.tyzicos.com/lieu-concerts/petites-folies",
            "website_url": "https://www.lespetitesfolies-iroise.com/",
            "mois": "06",
            "duration": 3
        },
        {
            "title": "Papillons de Nuit",
            "city": "SAINT-LAURENT-DE-CUVES",
            "zipcode": "50670",
            "start_date": "06/06/2025",
            "end_date": "08/06/2025",
            "url": "http://www.tyzicos.com/lieu-concerts/papillons-de-nuit",
            "website_url": "https://www.facebook.com/papillonsdenuit",
            "mois": "06",
            "duration": 3
        },
        {
            "title": "Nuits Vilaines",
            "city": "PÉAULE",
            "zipcode": "56130",
            "start_date": "06/06/2025",
            "end_date": "07/06/2025",
            "url": "http://www.tyzicos.com/lieu-concerts/nuits-vilaines",
            "website_url": "https://www.les-nuits-vilaines.com/",
            "mois": "06",
            "duration": 2
        },
        {
            "title": "Les Vaches Folks, printemps 2025",
            "city": "Cast, France",
            "zipcode": "",
            "start_date": "07/06/2025",
            "end_date": "07/06/2025",
            "url": "https://www.festival-bretagne.fr/festival/les-vaches-folks/",
            "website_url": "https://www.instagram.com/les_vaches_folks",
            "mois": "06",
            "duration": 1
        },
        {
            "title": "Festival Profil Bas #03",
            "city": "JW3P+V2 Saint-Nicolas-de-Redon, France",
            "zipcode": "",
            "start_date": "07/06/2025",
            "end_date": "08/06/2025",
            "url": "https://www.festival-bretagne.fr/festival/festival-profil-bas-03/",
            "website_url": "https://linktr.ee/profil_bas",
            "mois": "06",
            "duration": 2
        },
        {
            "title": "Vaches Folks",
            "city": "CAST",
            "zipcode": "29150",
            "start_date": "07/06/2025",
            "end_date": "07/06/2025",
            "url": "http://www.tyzicos.com/lieu-concerts/vaches-folks",
            "website_url": "http://www.les-vaches-folks.fr",
            "mois": "06",
            "duration": 1
        },
        {
            "title": "God Save the Kouign",
            "city": "29760 Penmarch, France",
            "zipcode": "29760",
            "start_date": "13/06/2025",
            "end_date": "14/06/2025",
            "url": "https://www.festival-bretagne.fr/festival/god-save-the-kouign/",
            "website_url": "https://www.godsavethekouign.bzh/",
            "mois": "06",
            "duration": 2
        },
        {
            "title": "Summer Palets Fest",
            "city": "Saint-Antoine, Lanrivain, France",
            "zipcode": "",
            "start_date": "13/06/2025",
            "end_date": "14/06/2025",
            "url": "https://www.festival-bretagne.fr/festival/summer-palets-fest/",
            "website_url": "https://www.helloasso.com/associations/association-les-surfeurs-du-kreiz-breizh",
            "mois": "06",
            "duration": 2
        },
        {
            "title": "Summer Palets Fest",
            "city": "LANRIVAIN",
            "zipcode": "22480",
            "start_date": "13/06/2025",
            "end_date": "14/06/2025",
            "url": "http://www.tyzicos.com/lieu-concerts/summer-palets-fest",
            "website_url": "https://www.facebook.com/profile.php?id=100071044780463",
            "mois": "06",
            "duration": 2
        },
        {
            "title": "God save the Kouign",
            "city": "PENMARCH",
            "zipcode": "29760",
            "start_date": "13/06/2025",
            "end_date": "14/06/2025",
            "url": "http://www.tyzicos.com/lieu-concerts/god-save-kouign",
            "website_url": "https://www.facebook.com/godsavethekouign/",
            "mois": "06",
            "duration": 2
        },
        {
            "title": "XL’AiR 2025",
            "city": "Talensac, France",
            "zipcode": "",
            "start_date": "14/06/2025",
            "end_date": "15/06/2025",
            "url": "https://www.festival-bretagne.fr/festival/xlair-2025/",
            "website_url": "https://www.festivalxlair.fr/",
            "mois": "06",
            "duration": 2
        },
        {
            "title": "Festival XL’AiR",
            "city": "TALENSAC",
            "zipcode": "35160",
            "start_date": "14/06/2025",
            "end_date": "15/06/2025",
            "url": "http://www.tyzicos.com/lieu-concerts/festival-xl-air",
            "website_url": "https://www.facebook.com/festivalxlair",
            "mois": "06",
            "duration": 2
        },
        {
            "title": "Hellfest 2025",
            "city": "Rue du Champ Louet, Clisson, France",
            "zipcode": "",
            "start_date": "19/06/2025",
            "end_date": "22/06/2025",
            "url": "https://www.festival-bretagne.fr/festival/hellfest/",
            "website_url": "https://www.hellfest.fr",
            "mois": "06",
            "duration": 4
        },
        {
            "title": "Festival Bobital",
            "city": "Bourillet, Trélivan, France",
            "zipcode": "",
            "start_date": "27/06/2025",
            "end_date": "29/06/2025",
            "url": "https://www.festival-bretagne.fr/festival/festival-bobital/",
            "website_url": "https://www.bobital-festival.fr/",
            "mois": "06",
            "duration": 3
        },
        {
            "title": "Mégascène",
            "city": "La Mouchetière, 44310 Saint-Colomban, France",
            "zipcode": "44310",
            "start_date": "27/06/2025",
            "end_date": "29/06/2025",
            "url": "https://www.festival-bretagne.fr/festival/megascene/",
            "website_url": "http://www.megascene.org/",
            "mois": "06",
            "duration": 3
        },
        {
            "title": "P'tit Ouestival",
            "city": "PLOUGONVELIN",
            "zipcode": "29217",
            "start_date": "27/06/2025",
            "end_date": "28/06/2025",
            "url": "http://www.tyzicos.com/lieu-concerts/p-tit-ouestival",
            "website_url": "https://www.facebook.com/profile.php?id=61555917969573",
            "mois": "06",
            "duration": 2
        }
    ],
    "07": [
        {
            "title": "La Nuit de l’Erdre",
            "city": "Parc du Port Mulon, 44390 Nort-sur-Erdre, France",
            "zipcode": "44390",
            "start_date": "03/07/2025",
            "end_date": "06/07/2025",
            "url": "https://www.festival-bretagne.fr/festival/la-nuit-de-lerdre/",
            "website_url": "https://www.lanuitdelerdre.fr/",
            "mois": "07",
            "duration": 4
        },
        {
            "title": "Festidreuz",
            "city": "Hent Kerchann, Fouesnant, France",
            "zipcode": "",
            "start_date": "04/07/2025",
            "end_date": "06/07/2025",
            "url": "https://www.festival-bretagne.fr/festival/festidreuz/",
            "website_url": "https://www.festidreuz.fr/",
            "mois": "07",
            "duration": 3
        },
        {
            "title": "Fête du Bruit dans Saint-Nolff",
            "city": "Kerboulard, Saint-Nolff, France",
            "zipcode": "",
            "start_date": "04/07/2025",
            "end_date": "06/07/2025",
            "url": "https://www.festival-bretagne.fr/festival/fete-du-bruit-dans-saint-nolff/",
            "website_url": "https://stnolff.festival-fetedubruit.com/",
            "mois": "07",
            "duration": 3
        },
        {
            "title": "GBB",
            "city": "LANGONNET",
            "zipcode": "29300",
            "start_date": "04/07/2025",
            "end_date": "06/07/2025",
            "url": "http://www.tyzicos.com/lieu-concerts/gbb",
            "website_url": "https://www.facebook.com/gbbfest",
            "mois": "07",
            "duration": 3
        },
        {
            "title": "Festidreuz",
            "city": "FOUESNANT",
            "zipcode": "29170",
            "start_date": "04/07/2025",
            "end_date": "06/07/2025",
            "url": "http://www.tyzicos.com/lieu-concerts/festidreuz",
            "website_url": "http://www.festidreuz.fr",
            "mois": "07",
            "duration": 3
        },
        {
            "title": "Fête du Bruit",
            "city": "SAINT-NOLFF",
            "zipcode": "56250",
            "start_date": "04/07/2025",
            "end_date": "06/07/2025",
            "url": "http://www.tyzicos.com/lieu-concerts/fete-du-bruit-0",
            "website_url": "https://festival-fetedubruit.com",
            "mois": "07",
            "duration": 3
        },
        {
            "title": "Au Foin de la Rue",
            "city": "SAINT-DENIS-DE-GASTINES",
            "zipcode": "53500",
            "start_date": "04/07/2025",
            "end_date": "05/07/2025",
            "url": "http://www.tyzicos.com/lieu-concerts/au-foin-de-la-rue",
            "website_url": "https://www.facebook.com/aufoindelarue",
            "mois": "07",
            "duration": 2
        },
        {
            "title": "Lorient Océans",
            "city": "LORIENT",
            "zipcode": "56100",
            "start_date": "05/07/2025",
            "end_date": "06/07/2025",
            "url": "http://www.tyzicos.com/lieu-concerts/lorient-oceans",
            "website_url": "",
            "mois": "07",
            "duration": 2
        },
        {
            "title": "Dub Camp Festival",
            "city": "Grand Réservoir de Vioreau, Joué-sur-Erdre, France",
            "zipcode": "",
            "start_date": "11/07/2025",
            "end_date": "13/07/2025",
            "url": "https://www.festival-bretagne.fr/festival/dub-camp-festival/",
            "website_url": "https://www.dubcampfestival.com/",
            "mois": "07",
            "duration": 3
        },
        {
            "title": "Dub Camp",
            "city": "JOUÉ-SUR-ERDRE",
            "zipcode": "44440",
            "start_date": "11/07/2025",
            "end_date": "13/07/2025",
            "url": "http://www.tyzicos.com/lieu-concerts/dub-camp",
            "website_url": "https://www.facebook.com/DubCampFestival",
            "mois": "07",
            "duration": 3
        },
        {
            "title": "Les Vieilles Charrues",
            "city": "Kerampuilh, Carhaix-Plouguer, France",
            "zipcode": "",
            "start_date": "17/07/2025",
            "end_date": "20/07/2025",
            "url": "https://www.festival-bretagne.fr/festival/les-vieilles-charrues/",
            "website_url": "https://www.vieillescharrues.asso.fr/",
            "mois": "07",
            "duration": 4
        },
        {
            "title": "Vieilles Charrues",
            "city": "CARHAIX-PLOUGUER",
            "zipcode": "29270",
            "start_date": "17/07/2025",
            "end_date": "20/07/2025",
            "url": "http://www.tyzicos.com/lieu-concerts/vieilles-charrues",
            "website_url": "http://www.vieillescharrues.asso.fr",
            "mois": "07",
            "duration": 4
        },
        {
            "title": "Festival de la Mer ",
            "city": "LANDUNVEZ",
            "zipcode": "29840",
            "start_date": "25/07/2025",
            "end_date": "26/07/2025",
            "url": "http://www.tyzicos.com/lieu-concerts/festival-de-la-mer",
            "website_url": "https://www.facebook.com/events/1375673633026425/?acontext=%7B%22event_action_history%22%3A[]%7D",
            "mois": "07",
            "duration": 2
        },
        {
            "title": "Sea Fest N' Sound",
            "city": "PLOMODIERN",
            "zipcode": "29550",
            "start_date": "25/07/2025",
            "end_date": "26/07/2025",
            "url": "http://www.tyzicos.com/lieu-concerts/sea-fest-n-sound",
            "website_url": "",
            "mois": "07",
            "duration": 2
        },
        {
            "title": "Festi-Rance",
            "city": "Rue du Domaine, Saint-Samson-sur-Rance, France",
            "zipcode": "",
            "start_date": "26/07/2025",
            "end_date": "27/07/2025",
            "url": "https://www.festival-bretagne.fr/festival/festi-rance/",
            "website_url": "https://festi-rance.s2.yapla.com/fr/accueil",
            "mois": "07",
            "duration": 2
        },
        {
            "title": "Festi Rance",
            "city": "SAINT-SAMSON-SUR-RANCE",
            "zipcode": "22100",
            "start_date": "26/07/2025",
            "end_date": "27/07/2025",
            "url": "http://www.tyzicos.com/lieu-concerts/festi-rance-1",
            "website_url": "",
            "mois": "07",
            "duration": 2
        }
    ],
    "08": [
        {
            "title": "Bout du Monde",
            "city": "CROZON",
            "zipcode": "29160",
            "start_date": "01/08/2025",
            "end_date": "03/08/2025",
            "url": "http://www.tyzicos.com/lieu-concerts/bout-du-monde",
            "website_url": "http://www.festivalduboutdumonde.com",
            "mois": "08",
            "duration": 3
        },
        {
            "title": "Au Pont du Rock",
            "city": "MALESTROIT",
            "zipcode": "56140",
            "start_date": "01/08/2025",
            "end_date": "02/08/2025",
            "url": "http://www.tyzicos.com/lieu-concerts/au-pont-du-rock",
            "website_url": "http://www.aupontdurock.com",
            "mois": "08",
            "duration": 2
        },
        {
            "title": "Fête du bruit dans Landerneau",
            "city": "Jardin de la Palud, Rue de la Petite Palud, Landerneau, France",
            "zipcode": "",
            "start_date": "08/08/2025",
            "end_date": "10/08/2025",
            "url": "https://www.festival-bretagne.fr/festival/fete-du-bruit-dans-landerneau/",
            "website_url": "https://landerneau.festival-fetedubruit.com/",
            "mois": "08",
            "duration": 3
        },
        {
            "title": "Festival du Chant de Marin",
            "city": "Port de Paimpol - Eskale d'Armor, Quai Neuf, Paimpol, France",
            "zipcode": "",
            "start_date": "08/08/2025",
            "end_date": "10/08/2025",
            "url": "https://www.festival-bretagne.fr/festival/festival-du-chant-de-marin/",
            "website_url": "https://paimpol-festival.bzh/",
            "mois": "08",
            "duration": 3
        },
        {
            "title": "No Logo BZH",
            "city": "Fort de Saint Père, Chemin Bertrand du Guesclin, Saint-Père-Marc-en-Poulet, France",
            "zipcode": "",
            "start_date": "08/08/2025",
            "end_date": "10/08/2025",
            "url": "https://www.festival-bretagne.fr/festival/no-logo-bzh/",
            "website_url": "https://nologofestival.fr/",
            "mois": "08",
            "duration": 3
        },
        {
            "title": "Chant de Marin",
            "city": "PAIMPOL",
            "zipcode": "22500",
            "start_date": "08/08/2025",
            "end_date": "10/08/2025",
            "url": "http://www.tyzicos.com/lieu-concerts/chant-de-marin",
            "website_url": "https://www.facebook.com/paimpolfestival",
            "mois": "08",
            "duration": 3
        },
        {
            "title": "No Logo BZH",
            "city": "SAINT-MALO",
            "zipcode": "35400",
            "start_date": "08/08/2025",
            "end_date": "10/08/2025",
            "url": "http://www.tyzicos.com/lieu-concerts/no-logo-bzh",
            "website_url": "http://nologobzh.com/",
            "mois": "08",
            "duration": 3
        },
        {
            "title": "Fête du Bruit",
            "city": "LANDERNEAU",
            "zipcode": "29800",
            "start_date": "08/08/2025",
            "end_date": "10/08/2025",
            "url": "http://www.tyzicos.com/lieu-concerts/fete-du-bruit",
            "website_url": "http://www.festival-fetedubruit.com",
            "mois": "08",
            "duration": 3
        },
        {
            "title": "Délé-Terre Mini",
            "city": "PLÉGUIEN",
            "zipcode": "22290",
            "start_date": "10/08/2025",
            "end_date": "10/08/2025",
            "url": "http://www.tyzicos.com/lieu-concerts/dele-terre-mini",
            "website_url": "",
            "mois": "08",
            "duration": 1
        },
        {
            "title": "Les Filets Bleus",
            "city": "CONCARNEAU",
            "zipcode": "29900",
            "start_date": "13/08/2025",
            "end_date": "17/08/2025",
            "url": "http://www.tyzicos.com/lieu-concerts/les-filets-bleus",
            "website_url": "https://www.festivaldesfiletsbleus.bzh/",
            "mois": "08",
            "duration": 5
        },
        {
            "title": "Motocultor Festival",
            "city": "Site de Kérampuilh, Carhaix-Plouguer, France",
            "zipcode": "",
            "start_date": "14/08/2025",
            "end_date": "17/08/2025",
            "url": "https://www.festival-bretagne.fr/festival/motocultor-festival/",
            "website_url": "http://www.motocultor-festival.com/",
            "mois": "08",
            "duration": 4
        },
        {
            "title": "La Nuit des Etoiles",
            "city": "LE FOLGOËT",
            "zipcode": "29260",
            "start_date": "14/08/2025",
            "end_date": "15/08/2025",
            "url": "http://www.tyzicos.com/lieu-concerts/la-nuit-des-etoiles",
            "website_url": "https://www.facebook.com/lanuitdesetoiles",
            "mois": "08",
            "duration": 2
        },
        {
            "title": "Roi Arthur",
            "city": "BRÉAL-SOUS-MONTFORT",
            "zipcode": "35310",
            "start_date": "22/08/2025",
            "end_date": "24/08/2025",
            "url": "http://www.tyzicos.com/lieu-concerts/roi-arthur",
            "website_url": "http://www.festivalduroiarthur.fr",
            "mois": "08",
            "duration": 3
        },
        {
            "title": "Les Galettes du Monde",
            "city": "SAINTE-ANNE-D'AURAY",
            "zipcode": "56400",
            "start_date": "23/08/2025",
            "end_date": "24/08/2025",
            "url": "http://www.tyzicos.com/lieu-concerts/les-galettes-du-monde",
            "website_url": "https://www.facebook.com/FestivalLesGalettesDuMonde",
            "mois": "08",
            "duration": 2
        }
    ],
    "09": [
        {
            "title": "Claie de Sol",
            "city": "PLUMELEC",
            "zipcode": "56420",
            "start_date": "05/09/2025",
            "end_date": "05/09/2025",
            "url": "http://www.tyzicos.com/lieu-concerts/claie-de-sol",
            "website_url": " https://www.claiedesol.fr/",
            "mois": "09",
            "duration": 1
        }
    ],
    "10": [
        {
            "title": "Le Grand Soufflet",
            "city": "RENNES",
            "zipcode": "35000",
            "start_date": "01/10/2025",
            "end_date": "01/10/2025",
            "url": "http://www.tyzicos.com/lieu-concerts/le-grand-soufflet",
            "website_url": "http://www.legrandsoufflet.fr",
            "mois": "10",
            "duration": 1
        },
        {
            "title": "Carnavalorock",
            "city": "SAINT-BRIEUC",
            "zipcode": "22000",
            "start_date": "17/10/2025",
            "end_date": "18/10/2025",
            "url": "http://www.tyzicos.com/lieu-concerts/carnavalorock",
            "website_url": "https://www.carnavalorock.com/",
            "mois": "10",
            "duration": 2
        }
    ]
}